{
    "user_machine_keyword_exp": "v100_nvs",
    "job_email": "",
    "atomsk_path": "/home/rdavid/programs/apps/atomsk/0.13.1/atomsk",
    "vmd_path": "/home/sw/target/generic/app/vmd/vmd-1.9.4a55/bin/vmd",
    "exploration_type": ["lammps", "lammps", "lammps", "lammps", "lammps", "lammps", "lammps", "lammps", "lammps", "lammps"],
    "traj_count": [2, 2, 2, 2, 2, 2, 2, 2, 2, 2],
    "temperature_K": [300.0, 300.0, 300.0, 300.0, 300.0, 300.0, 300.0, 300.0, 300.0, 300.0],
    "timestep_ps": [0.00025, 0.00025, 0.00025, 0.00025, 0.00025, 0.00025, 0.00025, 0.00025, 0.00025, 0.00025],
    "previous_start": [false, false, false, false, false, false, false, false, false, false],
    "disturbed_start": [false, false, false, false, false, false, false, false, false, false],
    "print_interval_mult": [0.0005, 0.0005, 0.0005, 0.0005, 0.0005, 0.0005, 0.0005, 0.0005, 0.0005, 0.0005],
    "job_walltime_h": [1.0, 1.0, 1.0, 1.0, 1.0, 1.0, 1.0, 1.0, 1.0, 1.0],
    "exp_time_ps": [10.0, 10.0, 10.0, 10.0, 20.0, 10.0, 10.0, 10.0, 10.0, 20.0],
    "max_exp_time_ps": [400, 400, 400, 400, 400, 400, 400, 400, 400, 400],
    "max_candidates": [50, 50, 50, 50, 50, 50, 50, 50, 50, 50],
    "sigma_low": [0.15, 0.15, 0.15, 0.15, 0.15, 0.15, 0.15, 0.15, 0.15, 0.15],
    "sigma_high": [0.7, 0.7, 0.7, 0.7, 0.7, 0.7, 0.7, 0.7, 0.7, 0.7],
    "sigma_high_limit": [1.0, 1.0, 1.0, 1.0, 1.0, 1.0, 1.0, 1.0, 1.0, 1.0],
    "ignore_first_x_ps": [0.1, 0.1, 0.1, 0.1, 0.1, 0.1, 0.1, 0.1, 0.1, 0.1],
    "disturbed_start_value": [0.0, 0.0, 0.0, 0.0, 0.0, 0.0, 0.0, 0.0, 0.0, 0.0],
    "disturbed_start_indexes": [[], [], [], [], [], [], [], [], [], []],
    "disturbed_candidate_value": [0.0, 0.0, 0.0, 0.0, 0.0, 0.0, 0.0, 0.0, 0.0, 0.0],
    "disturbed_candidate_indexes": [[], [], [], [], [], [], [], [], [], []]
}